participant_id	block	block_number	trial_type	trial_number	response	response_time	set_size	square_location	symmetry_problem	symmetry_problem_count	symmetry_timeout	presented_sequence	recalled_sequence	correct_squares	set_correct	sspan_running	total_correct_squares_running	total_recalled_sets_running	symmetry_true_answer	symmetry_correct	symmetry_accuracy_running	final_sspan	final_total_correct_squares	final_total_recalled_sets	final_symmetry_accuracy
sub-093	TestBoth	8	show_symmetry	2	lbuttondown	4.065	n/a	n/a	n/a	n/a	n/a	n/a	n/a	n/a	n/a	n/a	n/a	n/a	n/a	n/a	n/a	0	0	0	n/a
sub-093	TestBoth	8	solve_symmetry	3	TRUE	0.916	n/a	n/a	n/a	n/a	n/a	n/a	n/a	n/a	n/a	n/a	n/a	n/a	n/a	n/a	n/a	0	0	0	n/a
sub-093	TestBoth	8	show_square	4	0	0.65	n/a	n/a	n/a	n/a	n/a	n/a	n/a	n/a	n/a	n/a	n/a	n/a	n/a	n/a	n/a	0	0	0	n/a
sub-093	TestBoth	8	show_symmetry	5	lbuttondown	3.771	n/a	n/a	n/a	n/a	n/a	n/a	n/a	n/a	n/a	n/a	n/a	n/a	n/a	n/a	n/a	0	0	0	n/a
sub-093	TestBoth	8	solve_symmetry	6	TRUE	0.69	n/a	n/a	n/a	n/a	n/a	n/a	n/a	n/a	n/a	n/a	n/a	n/a	n/a	n/a	n/a	0	0	0	n/a
sub-093	TestBoth	8	show_square	7	0	0.65	n/a	n/a	n/a	n/a	n/a	n/a	n/a	n/a	n/a	n/a	n/a	n/a	n/a	n/a	n/a	0	0	0	n/a
sub-093	TestBoth	8	recall_square	8	R2C2	0.899	n/a	n/a	n/a	n/a	n/a	n/a	n/a	n/a	n/a	n/a	n/a	n/a	n/a	n/a	n/a	0	0	0	n/a
sub-093	TestBoth	8	recall_square	9	R1C3	0.397	n/a	n/a	n/a	n/a	n/a	n/a	n/a	n/a	n/a	n/a	n/a	n/a	n/a	n/a	n/a	0	0	0	n/a
sub-093	TestBoth	8	recall_square	10	exit	0.845	n/a	n/a	n/a	n/a	n/a	n/a	n/a	n/a	n/a	n/a	n/a	n/a	n/a	n/a	n/a	0	0	0	n/a
sub-093	TestBoth	8	square_feedback	11	0	1.5	n/a	n/a	n/a	n/a	n/a	n/a	n/a	n/a	n/a	0	0	0	n/a	n/a	n/a	0	0	0	n/a
sub-093	TestBoth	8	show_symmetry	13	lbuttondown	3.059	n/a	n/a	n/a	n/a	n/a	n/a	n/a	n/a	n/a	n/a	n/a	n/a	n/a	n/a	n/a	0	0	0	n/a
sub-093	TestBoth	8	solve_symmetry	14	TRUE	0.606	n/a	n/a	n/a	n/a	n/a	n/a	n/a	n/a	n/a	n/a	n/a	n/a	n/a	n/a	n/a	0	0	0	n/a
sub-093	TestBoth	8	show_square	15	0	0.65	n/a	n/a	n/a	n/a	n/a	n/a	n/a	n/a	n/a	n/a	n/a	n/a	n/a	n/a	n/a	0	0	0	n/a
sub-093	TestBoth	8	show_symmetry	16	lbuttondown	1.571	n/a	n/a	n/a	n/a	n/a	n/a	n/a	n/a	n/a	n/a	n/a	n/a	n/a	n/a	n/a	0	0	0	n/a
sub-093	TestBoth	8	solve_symmetry	17	FALSE	0.482	n/a	n/a	n/a	n/a	n/a	n/a	n/a	n/a	n/a	n/a	n/a	n/a	n/a	n/a	n/a	0	0	0	n/a
sub-093	TestBoth	8	show_square	18	0	0.65	n/a	n/a	n/a	n/a	n/a	n/a	n/a	n/a	n/a	n/a	n/a	n/a	n/a	n/a	n/a	0	0	0	n/a
sub-093	TestBoth	8	recall_square	19	R2C4	0.426	n/a	n/a	n/a	n/a	n/a	n/a	n/a	n/a	n/a	n/a	n/a	n/a	n/a	n/a	n/a	0	0	0	n/a
sub-093	TestBoth	8	recall_square	20	R4C3	0.608	n/a	n/a	n/a	n/a	n/a	n/a	n/a	n/a	n/a	n/a	n/a	n/a	n/a	n/a	n/a	0	0	0	n/a
sub-093	TestBoth	8	recall_square	21	exit	0.823	n/a	n/a	n/a	n/a	n/a	n/a	n/a	n/a	n/a	n/a	n/a	n/a	n/a	n/a	n/a	0	0	0	n/a
sub-093	TestBoth	8	square_feedback	22	0	1.5	n/a	n/a	n/a	n/a	n/a	n/a	n/a	n/a	n/a	0	0	0	n/a	n/a	n/a	0	0	0	n/a
sub-093	TestBoth	8	show_symmetry	24	lbuttondown	2.838	n/a	n/a	n/a	n/a	n/a	n/a	n/a	n/a	n/a	n/a	n/a	n/a	n/a	n/a	n/a	0	0	0	n/a
sub-093	TestBoth	8	solve_symmetry	25	TRUE	0.61	n/a	n/a	n/a	n/a	n/a	n/a	n/a	n/a	n/a	n/a	n/a	n/a	n/a	n/a	n/a	0	0	0	n/a
sub-093	TestBoth	8	show_square	26	0	0.65	n/a	n/a	n/a	n/a	n/a	n/a	n/a	n/a	n/a	n/a	n/a	n/a	n/a	n/a	n/a	0	0	0	n/a
sub-093	TestBoth	8	show_symmetry	27	lbuttondown	2.655	n/a	n/a	n/a	n/a	n/a	n/a	n/a	n/a	n/a	n/a	n/a	n/a	n/a	n/a	n/a	0	0	0	n/a
sub-093	TestBoth	8	solve_symmetry	28	TRUE	0.578	n/a	n/a	n/a	n/a	n/a	n/a	n/a	n/a	n/a	n/a	n/a	n/a	n/a	n/a	n/a	0	0	0	n/a
sub-093	TestBoth	8	show_square	29	0	0.65	n/a	n/a	n/a	n/a	n/a	n/a	n/a	n/a	n/a	n/a	n/a	n/a	n/a	n/a	n/a	0	0	0	n/a
sub-093	TestBoth	8	recall_square	30	R2C1	0.526	n/a	n/a	n/a	n/a	n/a	n/a	n/a	n/a	n/a	n/a	n/a	n/a	n/a	n/a	n/a	0	0	0	n/a
sub-093	TestBoth	8	recall_square	31	R4C1	0.656	n/a	n/a	n/a	n/a	n/a	n/a	n/a	n/a	n/a	n/a	n/a	n/a	n/a	n/a	n/a	0	0	0	n/a
sub-093	TestBoth	8	recall_square	32	exit	2.022	n/a	n/a	n/a	n/a	n/a	n/a	n/a	n/a	n/a	n/a	n/a	n/a	n/a	n/a	n/a	0	0	0	n/a
sub-093	TestBoth	8	square_feedback	33	0	1.5	n/a	n/a	n/a	n/a	n/a	n/a	n/a	n/a	n/a	0	0	0	n/a	n/a	n/a	0	0	0	n/a
sub-093	TestBoth	8	show_symmetry	35	lbuttondown	2.553	n/a	n/a	n/a	n/a	n/a	n/a	n/a	n/a	n/a	n/a	n/a	n/a	n/a	n/a	n/a	0	0	0	n/a
sub-093	TestBoth	8	solve_symmetry	36	TRUE	1.079	n/a	n/a	n/a	n/a	n/a	n/a	n/a	n/a	n/a	n/a	n/a	n/a	n/a	n/a	n/a	0	0	0	n/a
sub-093	TestBoth	8	show_square	37	0	0.65	n/a	n/a	n/a	n/a	n/a	n/a	n/a	n/a	n/a	n/a	n/a	n/a	n/a	n/a	n/a	0	0	0	n/a
sub-093	TestBoth	8	show_symmetry	38	lbuttondown	1.857	n/a	n/a	n/a	n/a	n/a	n/a	n/a	n/a	n/a	n/a	n/a	n/a	n/a	n/a	n/a	0	0	0	n/a
sub-093	TestBoth	8	solve_symmetry	39	FALSE	0.581	n/a	n/a	n/a	n/a	n/a	n/a	n/a	n/a	n/a	n/a	n/a	n/a	n/a	n/a	n/a	0	0	0	n/a
sub-093	TestBoth	8	show_square	40	0	0.65	n/a	n/a	n/a	n/a	n/a	n/a	n/a	n/a	n/a	n/a	n/a	n/a	n/a	n/a	n/a	0	0	0	n/a
sub-093	TestBoth	8	show_symmetry	41	lbuttondown	1.161	n/a	n/a	n/a	n/a	n/a	n/a	n/a	n/a	n/a	n/a	n/a	n/a	n/a	n/a	n/a	0	0	0	n/a
sub-093	TestBoth	8	solve_symmetry	42	TRUE	0.513	n/a	n/a	n/a	n/a	n/a	n/a	n/a	n/a	n/a	n/a	n/a	n/a	n/a	n/a	n/a	0	0	0	n/a
sub-093	TestBoth	8	show_square	43	0	0.65	n/a	n/a	n/a	n/a	n/a	n/a	n/a	n/a	n/a	n/a	n/a	n/a	n/a	n/a	n/a	0	0	0	n/a
sub-093	TestBoth	8	recall_square	44	R4C2	0.703	n/a	n/a	n/a	n/a	n/a	n/a	n/a	n/a	n/a	n/a	n/a	n/a	n/a	n/a	n/a	0	0	0	n/a
sub-093	TestBoth	8	recall_square	45	R4C4	0.459	n/a	n/a	n/a	n/a	n/a	n/a	n/a	n/a	n/a	n/a	n/a	n/a	n/a	n/a	n/a	0	0	0	n/a
sub-093	TestBoth	8	recall_square	46	R3C1	0.622	n/a	n/a	n/a	n/a	n/a	n/a	n/a	n/a	n/a	n/a	n/a	n/a	n/a	n/a	n/a	0	0	0	n/a
sub-093	TestBoth	8	recall_square	47	exit	0.933	n/a	n/a	n/a	n/a	n/a	n/a	n/a	n/a	n/a	n/a	n/a	n/a	n/a	n/a	n/a	0	0	0	n/a
sub-093	TestBoth	8	square_feedback	48	0	1.5	n/a	n/a	n/a	n/a	n/a	n/a	n/a	n/a	n/a	0	0	0	n/a	n/a	n/a	0	0	0	n/a
sub-093	TestBoth	8	show_symmetry	50	lbuttondown	1.505	n/a	n/a	n/a	n/a	n/a	n/a	n/a	n/a	n/a	n/a	n/a	n/a	n/a	n/a	n/a	0	0	0	n/a
sub-093	TestBoth	8	solve_symmetry	51	FALSE	0.841	n/a	n/a	n/a	n/a	n/a	n/a	n/a	n/a	n/a	n/a	n/a	n/a	n/a	n/a	n/a	0	0	0	n/a
sub-093	TestBoth	8	show_square	52	0	0.65	n/a	n/a	n/a	n/a	n/a	n/a	n/a	n/a	n/a	n/a	n/a	n/a	n/a	n/a	n/a	0	0	0	n/a
sub-093	TestBoth	8	show_symmetry	53	lbuttondown	1.428	n/a	n/a	n/a	n/a	n/a	n/a	n/a	n/a	n/a	n/a	n/a	n/a	n/a	n/a	n/a	0	0	0	n/a
sub-093	TestBoth	8	solve_symmetry	54	FALSE	0.553	n/a	n/a	n/a	n/a	n/a	n/a	n/a	n/a	n/a	n/a	n/a	n/a	n/a	n/a	n/a	0	0	0	n/a
sub-093	TestBoth	8	show_square	55	0	0.65	n/a	n/a	n/a	n/a	n/a	n/a	n/a	n/a	n/a	n/a	n/a	n/a	n/a	n/a	n/a	0	0	0	n/a
sub-093	TestBoth	8	show_symmetry	56	lbuttondown	2.23	n/a	n/a	n/a	n/a	n/a	n/a	n/a	n/a	n/a	n/a	n/a	n/a	n/a	n/a	n/a	0	0	0	n/a
sub-093	TestBoth	8	solve_symmetry	57	TRUE	0.627	n/a	n/a	n/a	n/a	n/a	n/a	n/a	n/a	n/a	n/a	n/a	n/a	n/a	n/a	n/a	0	0	0	n/a
sub-093	TestBoth	8	show_square	58	0	0.65	n/a	n/a	n/a	n/a	n/a	n/a	n/a	n/a	n/a	n/a	n/a	n/a	n/a	n/a	n/a	0	0	0	n/a
sub-093	TestBoth	8	recall_square	59	R1C4	0.633	n/a	n/a	n/a	n/a	n/a	n/a	n/a	n/a	n/a	n/a	n/a	n/a	n/a	n/a	n/a	0	0	0	n/a
sub-093	TestBoth	8	recall_square	60	R2C1	0.584	n/a	n/a	n/a	n/a	n/a	n/a	n/a	n/a	n/a	n/a	n/a	n/a	n/a	n/a	n/a	0	0	0	n/a
sub-093	TestBoth	8	recall_square	61	R2C1	0.935	n/a	n/a	n/a	n/a	n/a	n/a	n/a	n/a	n/a	n/a	n/a	n/a	n/a	n/a	n/a	0	0	0	n/a
sub-093	TestBoth	8	recall_square	62	R2C2	0.265	n/a	n/a	n/a	n/a	n/a	n/a	n/a	n/a	n/a	n/a	n/a	n/a	n/a	n/a	n/a	0	0	0	n/a
sub-093	TestBoth	8	recall_square	63	clear	2.454	n/a	n/a	n/a	n/a	n/a	n/a	n/a	n/a	n/a	n/a	n/a	n/a	n/a	n/a	n/a	0	0	0	n/a
sub-093	TestBoth	8	recall_square	64	R1C4	0.852	n/a	n/a	n/a	n/a	n/a	n/a	n/a	n/a	n/a	n/a	n/a	n/a	n/a	n/a	n/a	0	0	0	n/a
sub-093	TestBoth	8	recall_square	65	R2C1	0.369	n/a	n/a	n/a	n/a	n/a	n/a	n/a	n/a	n/a	n/a	n/a	n/a	n/a	n/a	n/a	0	0	0	n/a
sub-093	TestBoth	8	recall_square	66	clear	1.241	n/a	n/a	n/a	n/a	n/a	n/a	n/a	n/a	n/a	n/a	n/a	n/a	n/a	n/a	n/a	0	0	0	n/a
sub-093	TestBoth	8	recall_square	67	R1C3	0.442	n/a	n/a	n/a	n/a	n/a	n/a	n/a	n/a	n/a	n/a	n/a	n/a	n/a	n/a	n/a	0	0	0	n/a
sub-093	TestBoth	8	recall_square	68	clear	0.991	n/a	n/a	n/a	n/a	n/a	n/a	n/a	n/a	n/a	n/a	n/a	n/a	n/a	n/a	n/a	0	0	0	n/a
sub-093	TestBoth	8	recall_square	69	R1C4	0.472	n/a	n/a	n/a	n/a	n/a	n/a	n/a	n/a	n/a	n/a	n/a	n/a	n/a	n/a	n/a	0	0	0	n/a
sub-093	TestBoth	8	recall_square	70	R2C2	0.741	n/a	n/a	n/a	n/a	n/a	n/a	n/a	n/a	n/a	n/a	n/a	n/a	n/a	n/a	n/a	0	0	0	n/a
sub-093	TestBoth	8	recall_square	71	R3C2	0.237	n/a	n/a	n/a	n/a	n/a	n/a	n/a	n/a	n/a	n/a	n/a	n/a	n/a	n/a	n/a	0	0	0	n/a
sub-093	TestBoth	8	recall_square	72	exit	1.467	n/a	n/a	n/a	n/a	n/a	n/a	n/a	n/a	n/a	n/a	n/a	n/a	n/a	n/a	n/a	0	0	0	n/a
sub-093	TestBoth	8	square_feedback	73	0	1.5	n/a	n/a	n/a	n/a	n/a	n/a	n/a	n/a	n/a	0	0	0	n/a	n/a	n/a	0	0	0	n/a
sub-093	TestBoth	8	show_symmetry	75	lbuttondown	1.232	n/a	n/a	n/a	n/a	n/a	n/a	n/a	n/a	n/a	n/a	n/a	n/a	n/a	n/a	n/a	0	0	0	n/a
sub-093	TestBoth	8	solve_symmetry	76	FALSE	0.629	n/a	n/a	n/a	n/a	n/a	n/a	n/a	n/a	n/a	n/a	n/a	n/a	n/a	n/a	n/a	0	0	0	n/a
sub-093	TestBoth	8	show_square	77	0	0.65	n/a	n/a	n/a	n/a	n/a	n/a	n/a	n/a	n/a	n/a	n/a	n/a	n/a	n/a	n/a	0	0	0	n/a
sub-093	TestBoth	8	show_symmetry	78	lbuttondown	2.142	n/a	n/a	n/a	n/a	n/a	n/a	n/a	n/a	n/a	n/a	n/a	n/a	n/a	n/a	n/a	0	0	0	n/a
sub-093	TestBoth	8	solve_symmetry	79	TRUE	0.899	n/a	n/a	n/a	n/a	n/a	n/a	n/a	n/a	n/a	n/a	n/a	n/a	n/a	n/a	n/a	0	0	0	n/a
sub-093	TestBoth	8	show_square	80	0	0.65	n/a	n/a	n/a	n/a	n/a	n/a	n/a	n/a	n/a	n/a	n/a	n/a	n/a	n/a	n/a	0	0	0	n/a
sub-093	TestBoth	8	show_symmetry	81	lbuttondown	2.354	n/a	n/a	n/a	n/a	n/a	n/a	n/a	n/a	n/a	n/a	n/a	n/a	n/a	n/a	n/a	0	0	0	n/a
sub-093	TestBoth	8	solve_symmetry	82	TRUE	0.667	n/a	n/a	n/a	n/a	n/a	n/a	n/a	n/a	n/a	n/a	n/a	n/a	n/a	n/a	n/a	0	0	0	n/a
sub-093	TestBoth	8	show_square	83	0	0.65	n/a	n/a	n/a	n/a	n/a	n/a	n/a	n/a	n/a	n/a	n/a	n/a	n/a	n/a	n/a	0	0	0	n/a
sub-093	TestBoth	8	recall_square	84	R3C2	1.163	n/a	n/a	n/a	n/a	n/a	n/a	n/a	n/a	n/a	n/a	n/a	n/a	n/a	n/a	n/a	0	0	0	n/a
sub-093	TestBoth	8	recall_square	85	R2C2	0.411	n/a	n/a	n/a	n/a	n/a	n/a	n/a	n/a	n/a	n/a	n/a	n/a	n/a	n/a	n/a	0	0	0	n/a
sub-093	TestBoth	8	recall_square	86	R3C3	0.338	n/a	n/a	n/a	n/a	n/a	n/a	n/a	n/a	n/a	n/a	n/a	n/a	n/a	n/a	n/a	0	0	0	n/a
sub-093	TestBoth	8	recall_square	87	exit	0.965	n/a	n/a	n/a	n/a	n/a	n/a	n/a	n/a	n/a	n/a	n/a	n/a	n/a	n/a	n/a	0	0	0	n/a
sub-093	TestBoth	8	square_feedback	88	0	1.5	n/a	n/a	n/a	n/a	n/a	n/a	n/a	n/a	n/a	0	0	0	n/a	n/a	n/a	0	0	0	n/a
sub-093	TestBoth	8	show_symmetry	90	lbuttondown	1.597	n/a	n/a	n/a	n/a	n/a	n/a	n/a	n/a	n/a	n/a	n/a	n/a	n/a	n/a	n/a	0	0	0	n/a
sub-093	TestBoth	8	solve_symmetry	91	FALSE	0.651	n/a	n/a	n/a	n/a	n/a	n/a	n/a	n/a	n/a	n/a	n/a	n/a	n/a	n/a	n/a	0	0	0	n/a
sub-093	TestBoth	8	show_square	92	0	0.65	n/a	n/a	n/a	n/a	n/a	n/a	n/a	n/a	n/a	n/a	n/a	n/a	n/a	n/a	n/a	0	0	0	n/a
sub-093	TestBoth	8	show_symmetry	93	lbuttondown	2.365	n/a	n/a	n/a	n/a	n/a	n/a	n/a	n/a	n/a	n/a	n/a	n/a	n/a	n/a	n/a	0	0	0	n/a
sub-093	TestBoth	8	solve_symmetry	94	TRUE	0.516	n/a	n/a	n/a	n/a	n/a	n/a	n/a	n/a	n/a	n/a	n/a	n/a	n/a	n/a	n/a	0	0	0	n/a
sub-093	TestBoth	8	show_square	95	0	0.65	n/a	n/a	n/a	n/a	n/a	n/a	n/a	n/a	n/a	n/a	n/a	n/a	n/a	n/a	n/a	0	0	0	n/a
sub-093	TestBoth	8	show_symmetry	96	lbuttondown	2.33	n/a	n/a	n/a	n/a	n/a	n/a	n/a	n/a	n/a	n/a	n/a	n/a	n/a	n/a	n/a	0	0	0	n/a
sub-093	TestBoth	8	solve_symmetry	97	FALSE	0.514	n/a	n/a	n/a	n/a	n/a	n/a	n/a	n/a	n/a	n/a	n/a	n/a	n/a	n/a	n/a	0	0	0	n/a
sub-093	TestBoth	8	show_square	98	0	0.65	n/a	n/a	n/a	n/a	n/a	n/a	n/a	n/a	n/a	n/a	n/a	n/a	n/a	n/a	n/a	0	0	0	n/a
sub-093	TestBoth	8	show_symmetry	99	lbuttondown	4.122	n/a	n/a	n/a	n/a	n/a	n/a	n/a	n/a	n/a	n/a	n/a	n/a	n/a	n/a	n/a	0	0	0	n/a
sub-093	TestBoth	8	solve_symmetry	100	FALSE	0.515	n/a	n/a	n/a	n/a	n/a	n/a	n/a	n/a	n/a	n/a	n/a	n/a	n/a	n/a	n/a	0	0	0	n/a
sub-093	TestBoth	8	show_square	101	0	0.65	n/a	n/a	n/a	n/a	n/a	n/a	n/a	n/a	n/a	n/a	n/a	n/a	n/a	n/a	n/a	0	0	0	n/a
sub-093	TestBoth	8	recall_square	102	R2C2	2.115	n/a	n/a	n/a	n/a	n/a	n/a	n/a	n/a	n/a	n/a	n/a	n/a	n/a	n/a	n/a	0	0	0	n/a
sub-093	TestBoth	8	recall_square	103	R1C1	0.871	n/a	n/a	n/a	n/a	n/a	n/a	n/a	n/a	n/a	n/a	n/a	n/a	n/a	n/a	n/a	0	0	0	n/a
sub-093	TestBoth	8	recall_square	104	R4C2	3.978	n/a	n/a	n/a	n/a	n/a	n/a	n/a	n/a	n/a	n/a	n/a	n/a	n/a	n/a	n/a	0	0	0	n/a
sub-093	TestBoth	8	recall_square	105	R3C1	2.434	n/a	n/a	n/a	n/a	n/a	n/a	n/a	n/a	n/a	n/a	n/a	n/a	n/a	n/a	n/a	0	0	0	n/a
sub-093	TestBoth	8	recall_square	106	exit	1.008	n/a	n/a	n/a	n/a	n/a	n/a	n/a	n/a	n/a	n/a	n/a	n/a	n/a	n/a	n/a	0	0	0	n/a
sub-093	TestBoth	8	square_feedback	107	0	1.5	n/a	n/a	n/a	n/a	n/a	n/a	n/a	n/a	n/a	0	0	0	n/a	n/a	n/a	0	0	0	n/a
sub-093	TestBoth	8	show_symmetry	109	lbuttondown	4.079	n/a	n/a	n/a	n/a	n/a	n/a	n/a	n/a	n/a	n/a	n/a	n/a	n/a	n/a	n/a	0	0	0	n/a
sub-093	TestBoth	8	solve_symmetry	110	TRUE	0.77	n/a	n/a	n/a	n/a	n/a	n/a	n/a	n/a	n/a	n/a	n/a	n/a	n/a	n/a	n/a	0	0	0	n/a
sub-093	TestBoth	8	show_square	111	0	0.65	n/a	n/a	n/a	n/a	n/a	n/a	n/a	n/a	n/a	n/a	n/a	n/a	n/a	n/a	n/a	0	0	0	n/a
sub-093	TestBoth	8	show_symmetry	112	lbuttondown	8.512	n/a	n/a	n/a	n/a	n/a	n/a	n/a	n/a	n/a	n/a	n/a	n/a	n/a	n/a	n/a	0	0	0	n/a
sub-093	TestBoth	8	solve_symmetry	113	FALSE	0.521	n/a	n/a	n/a	n/a	n/a	n/a	n/a	n/a	n/a	n/a	n/a	n/a	n/a	n/a	n/a	0	0	0	n/a
sub-093	TestBoth	8	show_square	114	0	0.65	n/a	n/a	n/a	n/a	n/a	n/a	n/a	n/a	n/a	n/a	n/a	n/a	n/a	n/a	n/a	0	0	0	n/a
sub-093	TestBoth	8	show_symmetry	115	lbuttondown	2.225	n/a	n/a	n/a	n/a	n/a	n/a	n/a	n/a	n/a	n/a	n/a	n/a	n/a	n/a	n/a	0	0	0	n/a
sub-093	TestBoth	8	solve_symmetry	116	FALSE	1.374	n/a	n/a	n/a	n/a	n/a	n/a	n/a	n/a	n/a	n/a	n/a	n/a	n/a	n/a	n/a	0	0	0	n/a
sub-093	TestBoth	8	show_square	117	0	0.65	n/a	n/a	n/a	n/a	n/a	n/a	n/a	n/a	n/a	n/a	n/a	n/a	n/a	n/a	n/a	0	0	0	n/a
sub-093	TestBoth	8	show_symmetry	118	lbuttondown	2.164	n/a	n/a	n/a	n/a	n/a	n/a	n/a	n/a	n/a	n/a	n/a	n/a	n/a	n/a	n/a	0	0	0	n/a
sub-093	TestBoth	8	solve_symmetry	119	TRUE	0.596	n/a	n/a	n/a	n/a	n/a	n/a	n/a	n/a	n/a	n/a	n/a	n/a	n/a	n/a	n/a	0	0	0	n/a
sub-093	TestBoth	8	show_square	120	0	0.65	n/a	n/a	n/a	n/a	n/a	n/a	n/a	n/a	n/a	n/a	n/a	n/a	n/a	n/a	n/a	0	0	0	n/a
sub-093	TestBoth	8	recall_square	121	R4C1	0.743	n/a	n/a	n/a	n/a	n/a	n/a	n/a	n/a	n/a	n/a	n/a	n/a	n/a	n/a	n/a	0	0	0	n/a
sub-093	TestBoth	8	recall_square	122	R4C2	0.417	n/a	n/a	n/a	n/a	n/a	n/a	n/a	n/a	n/a	n/a	n/a	n/a	n/a	n/a	n/a	0	0	0	n/a
sub-093	TestBoth	8	recall_square	123	_	3.703	n/a	n/a	n/a	n/a	n/a	n/a	n/a	n/a	n/a	n/a	n/a	n/a	n/a	n/a	n/a	0	0	0	n/a
sub-093	TestBoth	8	recall_square	124	clear	1.276	n/a	n/a	n/a	n/a	n/a	n/a	n/a	n/a	n/a	n/a	n/a	n/a	n/a	n/a	n/a	0	0	0	n/a
sub-093	TestBoth	8	recall_square	125	R4C1	1.947	n/a	n/a	n/a	n/a	n/a	n/a	n/a	n/a	n/a	n/a	n/a	n/a	n/a	n/a	n/a	0	0	0	n/a
sub-093	TestBoth	8	recall_square	126	R4C2	0.373	n/a	n/a	n/a	n/a	n/a	n/a	n/a	n/a	n/a	n/a	n/a	n/a	n/a	n/a	n/a	0	0	0	n/a
sub-093	TestBoth	8	recall_square	127	R2C2	0.716	n/a	n/a	n/a	n/a	n/a	n/a	n/a	n/a	n/a	n/a	n/a	n/a	n/a	n/a	n/a	0	0	0	n/a
sub-093	TestBoth	8	recall_square	128	R1C1	2.279	n/a	n/a	n/a	n/a	n/a	n/a	n/a	n/a	n/a	n/a	n/a	n/a	n/a	n/a	n/a	0	0	0	n/a
sub-093	TestBoth	8	recall_square	129	exit	1.018	n/a	n/a	n/a	n/a	n/a	n/a	n/a	n/a	n/a	n/a	n/a	n/a	n/a	n/a	n/a	0	0	0	n/a
sub-093	TestBoth	8	square_feedback	130	0	1.5	n/a	n/a	n/a	n/a	n/a	n/a	n/a	n/a	n/a	0	0	0	n/a	n/a	n/a	0	0	0	n/a
sub-093	TestBoth	8	show_symmetry	132	lbuttondown	1.026	n/a	n/a	n/a	n/a	n/a	n/a	n/a	n/a	n/a	n/a	n/a	n/a	n/a	n/a	n/a	0	0	0	n/a
sub-093	TestBoth	8	solve_symmetry	133	FALSE	1.591	n/a	n/a	n/a	n/a	n/a	n/a	n/a	n/a	n/a	n/a	n/a	n/a	n/a	n/a	n/a	0	0	0	n/a
sub-093	TestBoth	8	show_square	134	0	0.65	n/a	n/a	n/a	n/a	n/a	n/a	n/a	n/a	n/a	n/a	n/a	n/a	n/a	n/a	n/a	0	0	0	n/a
sub-093	TestBoth	8	show_symmetry	135	lbuttondown	1.235	n/a	n/a	n/a	n/a	n/a	n/a	n/a	n/a	n/a	n/a	n/a	n/a	n/a	n/a	n/a	0	0	0	n/a
sub-093	TestBoth	8	solve_symmetry	136	TRUE	0.703	n/a	n/a	n/a	n/a	n/a	n/a	n/a	n/a	n/a	n/a	n/a	n/a	n/a	n/a	n/a	0	0	0	n/a
sub-093	TestBoth	8	show_square	137	0	0.65	n/a	n/a	n/a	n/a	n/a	n/a	n/a	n/a	n/a	n/a	n/a	n/a	n/a	n/a	n/a	0	0	0	n/a
sub-093	TestBoth	8	show_symmetry	138	lbuttondown	0.989	n/a	n/a	n/a	n/a	n/a	n/a	n/a	n/a	n/a	n/a	n/a	n/a	n/a	n/a	n/a	0	0	0	n/a
sub-093	TestBoth	8	solve_symmetry	139	TRUE	0.627	n/a	n/a	n/a	n/a	n/a	n/a	n/a	n/a	n/a	n/a	n/a	n/a	n/a	n/a	n/a	0	0	0	n/a
sub-093	TestBoth	8	show_square	140	0	0.65	n/a	n/a	n/a	n/a	n/a	n/a	n/a	n/a	n/a	n/a	n/a	n/a	n/a	n/a	n/a	0	0	0	n/a
sub-093	TestBoth	8	show_symmetry	141	lbuttondown	1.398	n/a	n/a	n/a	n/a	n/a	n/a	n/a	n/a	n/a	n/a	n/a	n/a	n/a	n/a	n/a	0	0	0	n/a
sub-093	TestBoth	8	solve_symmetry	142	FALSE	0.571	n/a	n/a	n/a	n/a	n/a	n/a	n/a	n/a	n/a	n/a	n/a	n/a	n/a	n/a	n/a	0	0	0	n/a
sub-093	TestBoth	8	show_square	143	0	0.65	n/a	n/a	n/a	n/a	n/a	n/a	n/a	n/a	n/a	n/a	n/a	n/a	n/a	n/a	n/a	0	0	0	n/a
sub-093	TestBoth	8	recall_square	144	R4C4	1.362	n/a	n/a	n/a	n/a	n/a	n/a	n/a	n/a	n/a	n/a	n/a	n/a	n/a	n/a	n/a	0	0	0	n/a
sub-093	TestBoth	8	recall_square	145	R4C2	0.658	n/a	n/a	n/a	n/a	n/a	n/a	n/a	n/a	n/a	n/a	n/a	n/a	n/a	n/a	n/a	0	0	0	n/a
sub-093	TestBoth	8	recall_square	146	R1C1	0.677	n/a	n/a	n/a	n/a	n/a	n/a	n/a	n/a	n/a	n/a	n/a	n/a	n/a	n/a	n/a	0	0	0	n/a
sub-093	TestBoth	8	recall_square	147	R1C4	0.497	n/a	n/a	n/a	n/a	n/a	n/a	n/a	n/a	n/a	n/a	n/a	n/a	n/a	n/a	n/a	0	0	0	n/a
sub-093	TestBoth	8	recall_square	148	exit	1.156	n/a	n/a	n/a	n/a	n/a	n/a	n/a	n/a	n/a	n/a	n/a	n/a	n/a	n/a	n/a	0	0	0	n/a
sub-093	TestBoth	8	square_feedback	149	0	1.5	n/a	n/a	n/a	n/a	n/a	n/a	n/a	n/a	n/a	0	0	0	n/a	n/a	n/a	0	0	0	n/a
sub-093	TestBoth	8	show_symmetry	151	lbuttondown	1.207	n/a	n/a	n/a	n/a	n/a	n/a	n/a	n/a	n/a	n/a	n/a	n/a	n/a	n/a	n/a	0	0	0	n/a
sub-093	TestBoth	8	solve_symmetry	152	FALSE	1.123	n/a	n/a	n/a	n/a	n/a	n/a	n/a	n/a	n/a	n/a	n/a	n/a	n/a	n/a	n/a	0	0	0	n/a
sub-093	TestBoth	8	show_square	153	0	0.65	n/a	n/a	n/a	n/a	n/a	n/a	n/a	n/a	n/a	n/a	n/a	n/a	n/a	n/a	n/a	0	0	0	n/a
sub-093	TestBoth	8	show_symmetry	154	lbuttondown	1.186	n/a	n/a	n/a	n/a	n/a	n/a	n/a	n/a	n/a	n/a	n/a	n/a	n/a	n/a	n/a	0	0	0	n/a
sub-093	TestBoth	8	solve_symmetry	155	TRUE	1.993	n/a	n/a	n/a	n/a	n/a	n/a	n/a	n/a	n/a	n/a	n/a	n/a	n/a	n/a	n/a	0	0	0	n/a
sub-093	TestBoth	8	show_square	156	0	0.65	n/a	n/a	n/a	n/a	n/a	n/a	n/a	n/a	n/a	n/a	n/a	n/a	n/a	n/a	n/a	0	0	0	n/a
sub-093	TestBoth	8	show_symmetry	157	lbuttondown	1.94	n/a	n/a	n/a	n/a	n/a	n/a	n/a	n/a	n/a	n/a	n/a	n/a	n/a	n/a	n/a	0	0	0	n/a
sub-093	TestBoth	8	solve_symmetry	158	TRUE	0.493	n/a	n/a	n/a	n/a	n/a	n/a	n/a	n/a	n/a	n/a	n/a	n/a	n/a	n/a	n/a	0	0	0	n/a
sub-093	TestBoth	8	show_square	159	0	0.65	n/a	n/a	n/a	n/a	n/a	n/a	n/a	n/a	n/a	n/a	n/a	n/a	n/a	n/a	n/a	0	0	0	n/a
sub-093	TestBoth	8	show_symmetry	160	lbuttondown	2.125	n/a	n/a	n/a	n/a	n/a	n/a	n/a	n/a	n/a	n/a	n/a	n/a	n/a	n/a	n/a	0	0	0	n/a
sub-093	TestBoth	8	solve_symmetry	161	TRUE	0.463	n/a	n/a	n/a	n/a	n/a	n/a	n/a	n/a	n/a	n/a	n/a	n/a	n/a	n/a	n/a	0	0	0	n/a
sub-093	TestBoth	8	show_square	162	0	0.65	n/a	n/a	n/a	n/a	n/a	n/a	n/a	n/a	n/a	n/a	n/a	n/a	n/a	n/a	n/a	0	0	0	n/a
sub-093	TestBoth	8	show_symmetry	163	lbuttondown	3.112	n/a	n/a	n/a	n/a	n/a	n/a	n/a	n/a	n/a	n/a	n/a	n/a	n/a	n/a	n/a	0	0	0	n/a
sub-093	TestBoth	8	solve_symmetry	164	TRUE	0.529	n/a	n/a	n/a	n/a	n/a	n/a	n/a	n/a	n/a	n/a	n/a	n/a	n/a	n/a	n/a	0	0	0	n/a
sub-093	TestBoth	8	show_square	165	0	0.65	n/a	n/a	n/a	n/a	n/a	n/a	n/a	n/a	n/a	n/a	n/a	n/a	n/a	n/a	n/a	0	0	0	n/a
sub-093	TestBoth	8	recall_square	166	R2C4	1.719	n/a	n/a	n/a	n/a	n/a	n/a	n/a	n/a	n/a	n/a	n/a	n/a	n/a	n/a	n/a	0	0	0	n/a
sub-093	TestBoth	8	recall_square	167	R1C3	0.418	n/a	n/a	n/a	n/a	n/a	n/a	n/a	n/a	n/a	n/a	n/a	n/a	n/a	n/a	n/a	0	0	0	n/a
sub-093	TestBoth	8	recall_square	168	R4C2	0.752	n/a	n/a	n/a	n/a	n/a	n/a	n/a	n/a	n/a	n/a	n/a	n/a	n/a	n/a	n/a	0	0	0	n/a
sub-093	TestBoth	8	recall_square	169	R1C1	0.977	n/a	n/a	n/a	n/a	n/a	n/a	n/a	n/a	n/a	n/a	n/a	n/a	n/a	n/a	n/a	0	0	0	n/a
sub-093	TestBoth	8	recall_square	170	exit	2.233	n/a	n/a	n/a	n/a	n/a	n/a	n/a	n/a	n/a	n/a	n/a	n/a	n/a	n/a	n/a	0	0	0	n/a
sub-093	TestBoth	8	square_feedback	171	0	1.5	n/a	n/a	n/a	n/a	n/a	n/a	n/a	n/a	n/a	0	0	0	n/a	n/a	n/a	0	0	0	n/a
sub-093	TestBoth	8	show_symmetry	173	lbuttondown	1.391	n/a	n/a	n/a	n/a	n/a	n/a	n/a	n/a	n/a	n/a	n/a	n/a	n/a	n/a	n/a	0	0	0	n/a
sub-093	TestBoth	8	solve_symmetry	174	FALSE	0.614	n/a	n/a	n/a	n/a	n/a	n/a	n/a	n/a	n/a	n/a	n/a	n/a	n/a	n/a	n/a	0	0	0	n/a
sub-093	TestBoth	8	show_square	175	0	0.65	n/a	n/a	n/a	n/a	n/a	n/a	n/a	n/a	n/a	n/a	n/a	n/a	n/a	n/a	n/a	0	0	0	n/a
sub-093	TestBoth	8	show_symmetry	176	lbuttondown	1.217	n/a	n/a	n/a	n/a	n/a	n/a	n/a	n/a	n/a	n/a	n/a	n/a	n/a	n/a	n/a	0	0	0	n/a
sub-093	TestBoth	8	solve_symmetry	177	FALSE	0.567	n/a	n/a	n/a	n/a	n/a	n/a	n/a	n/a	n/a	n/a	n/a	n/a	n/a	n/a	n/a	0	0	0	n/a
sub-093	TestBoth	8	show_square	178	0	0.65	n/a	n/a	n/a	n/a	n/a	n/a	n/a	n/a	n/a	n/a	n/a	n/a	n/a	n/a	n/a	0	0	0	n/a
sub-093	TestBoth	8	show_symmetry	179	lbuttondown	3.964	n/a	n/a	n/a	n/a	n/a	n/a	n/a	n/a	n/a	n/a	n/a	n/a	n/a	n/a	n/a	0	0	0	n/a
sub-093	TestBoth	8	solve_symmetry	180	TRUE	0.514	n/a	n/a	n/a	n/a	n/a	n/a	n/a	n/a	n/a	n/a	n/a	n/a	n/a	n/a	n/a	0	0	0	n/a
sub-093	TestBoth	8	show_square	181	0	0.65	n/a	n/a	n/a	n/a	n/a	n/a	n/a	n/a	n/a	n/a	n/a	n/a	n/a	n/a	n/a	0	0	0	n/a
sub-093	TestBoth	8	show_symmetry	182	lbuttondown	2.953	n/a	n/a	n/a	n/a	n/a	n/a	n/a	n/a	n/a	n/a	n/a	n/a	n/a	n/a	n/a	0	0	0	n/a
sub-093	TestBoth	8	solve_symmetry	183	FALSE	0.577	n/a	n/a	n/a	n/a	n/a	n/a	n/a	n/a	n/a	n/a	n/a	n/a	n/a	n/a	n/a	0	0	0	n/a
sub-093	TestBoth	8	show_square	184	0	0.65	n/a	n/a	n/a	n/a	n/a	n/a	n/a	n/a	n/a	n/a	n/a	n/a	n/a	n/a	n/a	0	0	0	n/a
sub-093	TestBoth	8	show_symmetry	185	lbuttondown	0.895	n/a	n/a	n/a	n/a	n/a	n/a	n/a	n/a	n/a	n/a	n/a	n/a	n/a	n/a	n/a	0	0	0	n/a
sub-093	TestBoth	8	solve_symmetry	186	TRUE	0.577	n/a	n/a	n/a	n/a	n/a	n/a	n/a	n/a	n/a	n/a	n/a	n/a	n/a	n/a	n/a	0	0	0	n/a
sub-093	TestBoth	8	show_square	187	0	0.65	n/a	n/a	n/a	n/a	n/a	n/a	n/a	n/a	n/a	n/a	n/a	n/a	n/a	n/a	n/a	0	0	0	n/a
sub-093	TestBoth	8	recall_square	188	R4C4	3.102	n/a	n/a	n/a	n/a	n/a	n/a	n/a	n/a	n/a	n/a	n/a	n/a	n/a	n/a	n/a	0	0	0	n/a
sub-093	TestBoth	8	recall_square	189	R2C4	0.768	n/a	n/a	n/a	n/a	n/a	n/a	n/a	n/a	n/a	n/a	n/a	n/a	n/a	n/a	n/a	0	0	0	n/a
sub-093	TestBoth	8	recall_square	190	R3C4	1.2	n/a	n/a	n/a	n/a	n/a	n/a	n/a	n/a	n/a	n/a	n/a	n/a	n/a	n/a	n/a	0	0	0	n/a
sub-093	TestBoth	8	recall_square	191	R1C3	0.536	n/a	n/a	n/a	n/a	n/a	n/a	n/a	n/a	n/a	n/a	n/a	n/a	n/a	n/a	n/a	0	0	0	n/a
sub-093	TestBoth	8	recall_square	192	R4C3	0.673	n/a	n/a	n/a	n/a	n/a	n/a	n/a	n/a	n/a	n/a	n/a	n/a	n/a	n/a	n/a	0	0	0	n/a
sub-093	TestBoth	8	recall_square	193	exit	0.862	n/a	n/a	n/a	n/a	n/a	n/a	n/a	n/a	n/a	n/a	n/a	n/a	n/a	n/a	n/a	0	0	0	n/a
sub-093	TestBoth	8	square_feedback	194	0	1.5	n/a	n/a	n/a	n/a	n/a	n/a	n/a	n/a	n/a	0	0	0	n/a	n/a	n/a	0	0	0	n/a
sub-093	TestBoth	8	show_symmetry	196	lbuttondown	1.003	n/a	n/a	n/a	n/a	n/a	n/a	n/a	n/a	n/a	n/a	n/a	n/a	n/a	n/a	n/a	0	0	0	n/a
sub-093	TestBoth	8	solve_symmetry	197	FALSE	0.577	n/a	n/a	n/a	n/a	n/a	n/a	n/a	n/a	n/a	n/a	n/a	n/a	n/a	n/a	n/a	0	0	0	n/a
sub-093	TestBoth	8	show_square	198	0	0.65	n/a	n/a	n/a	n/a	n/a	n/a	n/a	n/a	n/a	n/a	n/a	n/a	n/a	n/a	n/a	0	0	0	n/a
sub-093	TestBoth	8	show_symmetry	199	lbuttondown	1.735	n/a	n/a	n/a	n/a	n/a	n/a	n/a	n/a	n/a	n/a	n/a	n/a	n/a	n/a	n/a	0	0	0	n/a
sub-093	TestBoth	8	solve_symmetry	200	FALSE	0.445	n/a	n/a	n/a	n/a	n/a	n/a	n/a	n/a	n/a	n/a	n/a	n/a	n/a	n/a	n/a	0	0	0	n/a
sub-093	TestBoth	8	show_square	201	0	0.65	n/a	n/a	n/a	n/a	n/a	n/a	n/a	n/a	n/a	n/a	n/a	n/a	n/a	n/a	n/a	0	0	0	n/a
sub-093	TestBoth	8	show_symmetry	202	lbuttondown	2.151	n/a	n/a	n/a	n/a	n/a	n/a	n/a	n/a	n/a	n/a	n/a	n/a	n/a	n/a	n/a	0	0	0	n/a
sub-093	TestBoth	8	solve_symmetry	203	FALSE	0.519	n/a	n/a	n/a	n/a	n/a	n/a	n/a	n/a	n/a	n/a	n/a	n/a	n/a	n/a	n/a	0	0	0	n/a
sub-093	TestBoth	8	show_square	204	0	0.65	n/a	n/a	n/a	n/a	n/a	n/a	n/a	n/a	n/a	n/a	n/a	n/a	n/a	n/a	n/a	0	0	0	n/a
sub-093	TestBoth	8	show_symmetry	205	lbuttondown	1.59	n/a	n/a	n/a	n/a	n/a	n/a	n/a	n/a	n/a	n/a	n/a	n/a	n/a	n/a	n/a	0	0	0	n/a
sub-093	TestBoth	8	solve_symmetry	206	TRUE	0.517	n/a	n/a	n/a	n/a	n/a	n/a	n/a	n/a	n/a	n/a	n/a	n/a	n/a	n/a	n/a	0	0	0	n/a
sub-093	TestBoth	8	show_square	207	0	0.65	n/a	n/a	n/a	n/a	n/a	n/a	n/a	n/a	n/a	n/a	n/a	n/a	n/a	n/a	n/a	0	0	0	n/a
sub-093	TestBoth	8	show_symmetry	208	lbuttondown	1.972	n/a	n/a	n/a	n/a	n/a	n/a	n/a	n/a	n/a	n/a	n/a	n/a	n/a	n/a	n/a	0	0	0	n/a
sub-093	TestBoth	8	solve_symmetry	209	FALSE	0.626	n/a	n/a	n/a	n/a	n/a	n/a	n/a	n/a	n/a	n/a	n/a	n/a	n/a	n/a	n/a	0	0	0	n/a
sub-093	TestBoth	8	show_square	210	0	0.65	n/a	n/a	n/a	n/a	n/a	n/a	n/a	n/a	n/a	n/a	n/a	n/a	n/a	n/a	n/a	0	0	0	n/a
sub-093	TestBoth	8	recall_square	211	R3C1	2.991	n/a	n/a	n/a	n/a	n/a	n/a	n/a	n/a	n/a	n/a	n/a	n/a	n/a	n/a	n/a	0	0	0	n/a
sub-093	TestBoth	8	recall_square	212	R1C1	0.54	n/a	n/a	n/a	n/a	n/a	n/a	n/a	n/a	n/a	n/a	n/a	n/a	n/a	n/a	n/a	0	0	0	n/a
sub-093	TestBoth	8	recall_square	213	R2C1	1.583	n/a	n/a	n/a	n/a	n/a	n/a	n/a	n/a	n/a	n/a	n/a	n/a	n/a	n/a	n/a	0	0	0	n/a
sub-093	TestBoth	8	recall_square	214	R4C1	0.541	n/a	n/a	n/a	n/a	n/a	n/a	n/a	n/a	n/a	n/a	n/a	n/a	n/a	n/a	n/a	0	0	0	n/a
sub-093	TestBoth	8	recall_square	215	exit	0.959	n/a	n/a	n/a	n/a	n/a	n/a	n/a	n/a	n/a	n/a	n/a	n/a	n/a	n/a	n/a	0	0	0	n/a
sub-093	TestBoth	8	square_feedback	216	0	1.5	n/a	n/a	n/a	n/a	n/a	n/a	n/a	n/a	n/a	0	0	0	n/a	n/a	n/a	0	0	0	n/a
